ReturnDate,TerritoryKey,ProductKey,ReturnQuantity
18-Jan-19,9,312,1
18-Jan-19,10,310,1
21-Jan-19,8,346,1
22-Jan-19,4,311,1
02-Feb-19,6,312,1
15-Feb-19,1,312,1
19-Feb-19,9,311,1
24-Feb-19,8,314,1
08-Mar-19,8,350,1
13-Mar-19,9,350,1
14-Mar-19,4,346,1
15-Mar-19,9,340,1
22-Mar-19,4,311,1
26-Mar-19,10,312,1
28-Mar-19,7,312,1
28-Mar-19,9,314,1
29-Mar-19,9,311,1
01-Apr-19,8,311,1
07-Apr-19,9,311,1
07-Apr-19,9,351,1
09-Apr-19,9,311,1
10-Apr-19,9,326,1
15-Apr-19,9,312,1
16-Apr-19,9,349,1
20-Apr-19,9,310,1
21-Apr-19,9,312,1
25-Apr-19,4,324,1
27-Apr-19,1,314,1
29-Apr-19,6,310,1
29-Apr-19,9,348,1
30-Apr-19,8,330,1
01-May-19,4,312,1
06-May-19,9,324,1
07-May-19,9,351,1
13-May-19,1,310,1
14-May-19,7,313,1
16-May-19,6,313,1
16-May-19,7,313,1
22-May-19,9,314,1
24-May-19,8,322,1
30-May-19,1,313,1
30-May-19,4,314,1
05-Jun-19,4,313,1
07-Jun-19,4,342,1
20-Jun-19,9,347,1
24-Jun-19,9,320,1
03-Jul-19,4,373,1
11-Jul-19,8,387,1
22-Jul-19,8,379,1
14-Aug-19,6,377,1
15-Aug-19,1,377,1
15-Aug-19,8,328,1
26-Aug-19,4,387,1
28-Aug-19,4,370,1
31-Aug-19,10,373,1
03-Sep-19,9,369,1
10-Sep-19,1,354,1
03-Oct-19,1,352,1
07-Oct-19,9,352,1
08-Oct-19,10,354,1
12-Oct-19,9,379,1
13-Oct-19,9,352,2
23-Oct-19,9,354,1
25-Oct-19,8,334,1
27-Oct-19,6,368,1
28-Oct-19,8,373,1
30-Oct-19,7,370,1
16-Nov-19,8,379,1
20-Nov-19,8,360,1
23-Nov-19,9,326,1
24-Nov-19,1,330,1
27-Nov-19,10,320,1
01-Dec-19,10,356,1
04-Dec-19,4,324,1
05-Dec-19,6,389,1
06-Dec-19,10,360,1
10-Dec-19,9,334,1
11-Dec-19,9,375,1
12-Dec-19,8,377,1
12-Dec-19,9,362,1
12-Dec-19,9,379,1
14-Dec-19,9,377,1
16-Dec-19,4,377,1
18-Dec-19,4,352,1
25-Dec-19,8,389,1
07-Jan-20,9,362,1
09-Jan-20,8,373,1
10-Jan-20,9,381,1
16-Jan-20,7,371,1
23-Jan-20,4,332,1
23-Jan-20,9,354,1
26-Jan-20,9,330,1
31-Jan-20,4,360,1
01-Feb-20,1,354,1
12-Feb-20,9,330,1
14-Feb-20,4,381,1
20-Feb-20,9,328,1
20-Feb-20,9,377,1
22-Feb-20,8,369,1
22-Feb-20,9,362,1
25-Feb-20,9,370,1
08-Mar-20,9,352,1
12-Mar-20,1,336,1
18-Mar-20,7,370,1
20-Mar-20,9,360,1
21-Mar-20,6,330,1
24-Mar-20,7,330,1
29-Mar-20,9,375,1
31-Mar-20,7,368,1
01-Apr-20,8,373,1
04-Apr-20,7,387,1
13-Apr-20,8,362,1
25-Apr-20,1,320,1
27-Apr-20,4,373,1
01-May-20,1,322,1
01-May-20,9,352,1
03-May-20,9,370,1
11-May-20,7,352,1
16-May-20,9,354,1
21-May-20,4,371,1
23-May-20,8,328,1
26-May-20,7,360,1
27-May-20,7,326,1
31-May-20,4,369,1
10-Jun-20,4,356,1
12-Jun-20,10,381,1
13-Jun-20,4,371,1
15-Jun-20,4,332,1
19-Jun-20,1,328,1
21-Jun-20,10,368,1
25-Jun-20,7,369,1
27-Jun-20,9,362,1
02-Jul-20,9,375,1
03-Jul-20,9,354,1
03-Jul-20,9,477,1
03-Jul-20,9,479,1
04-Jul-20,9,356,1
06-Jul-20,10,528,1
07-Jul-20,10,358,1
08-Jul-20,8,381,1
08-Jul-20,9,478,1
08-Jul-20,9,480,1
08-Jul-20,9,487,1
08-Jul-20,10,480,1
09-Jul-20,7,215,1
11-Jul-20,4,477,1
11-Jul-20,8,232,1
12-Jul-20,4,478,1
12-Jul-20,7,389,1
13-Jul-20,4,352,1
13-Jul-20,9,371,1
13-Jul-20,9,485,1
14-Jul-20,4,605,1
15-Jul-20,1,540,1
15-Jul-20,4,478,1
15-Jul-20,7,483,1
15-Jul-20,7,540,1
15-Jul-20,10,484,1
16-Jul-20,1,223,1
19-Jul-20,4,537,1
22-Jul-20,1,477,1
23-Jul-20,9,377,1
23-Jul-20,10,220,1
24-Jul-20,10,477,1
25-Jul-20,9,537,1
26-Jul-20,9,487,1
26-Jul-20,9,528,1
28-Jul-20,7,377,1
28-Jul-20,8,485,1
29-Jul-20,8,462,1
29-Jul-20,9,480,1
29-Jul-20,9,487,1
29-Jul-20,10,480,1
30-Jul-20,8,604,1
31-Jul-20,4,540,1
31-Jul-20,7,220,1
31-Jul-20,9,489,1
01-Aug-20,4,487,1
01-Aug-20,9,486,1
02-Aug-20,4,477,1
02-Aug-20,6,477,1
02-Aug-20,9,539,1
03-Aug-20,6,229,1
03-Aug-20,6,537,1
03-Aug-20,6,540,1
04-Aug-20,1,478,1
05-Aug-20,4,484,1
05-Aug-20,4,528,1
05-Aug-20,6,220,1
06-Aug-20,8,529,1
07-Aug-20,6,480,1
07-Aug-20,9,375,1
07-Aug-20,9,480,1
07-Aug-20,10,479,1
07-Aug-20,10,537,1
08-Aug-20,1,536,1
08-Aug-20,10,371,1
09-Aug-20,9,373,1
09-Aug-20,9,535,1
09-Aug-20,9,540,1
10-Aug-20,7,477,1
10-Aug-20,9,220,1
11-Aug-20,4,385,1
11-Aug-20,6,477,1
11-Aug-20,9,528,1
12-Aug-20,1,528,1
12-Aug-20,4,529,1
12-Aug-20,4,535,1
12-Aug-20,6,480,1
12-Aug-20,8,477,1
12-Aug-20,10,464,1
12-Aug-20,10,565,1
13-Aug-20,1,387,1
13-Aug-20,4,478,1
13-Aug-20,4,487,1
13-Aug-20,6,529,1
13-Aug-20,10,590,1
14-Aug-20,6,235,1
14-Aug-20,7,538,1
14-Aug-20,8,214,1
14-Aug-20,8,226,1
14-Aug-20,8,530,1
14-Aug-20,10,215,1
15-Aug-20,1,528,1
15-Aug-20,1,529,1
15-Aug-20,1,536,1
15-Aug-20,6,229,1
15-Aug-20,6,478,1
15-Aug-20,8,538,1
15-Aug-20,10,226,1
16-Aug-20,4,356,1
16-Aug-20,4,485,1
16-Aug-20,6,478,1
17-Aug-20,4,220,1
17-Aug-20,7,539,1
17-Aug-20,9,529,1
18-Aug-20,1,360,1
18-Aug-20,7,477,1
18-Aug-20,7,478,1
19-Aug-20,4,477,2
19-Aug-20,7,540,1
19-Aug-20,8,223,1
20-Aug-20,4,529,1
20-Aug-20,8,220,1
20-Aug-20,9,229,1
20-Aug-20,9,529,1
20-Aug-20,9,530,1
21-Aug-20,1,214,1
21-Aug-20,8,214,1
22-Aug-20,4,220,1
23-Aug-20,4,477,1
23-Aug-20,10,362,1
24-Aug-20,1,486,1
24-Aug-20,1,535,1
24-Aug-20,4,478,1
24-Aug-20,4,480,1
24-Aug-20,4,486,1
24-Aug-20,4,528,1
24-Aug-20,6,478,1
24-Aug-20,9,214,1
24-Aug-20,9,480,1
24-Aug-20,10,480,1
25-Aug-20,4,215,1
25-Aug-20,4,232,1
25-Aug-20,4,565,1
25-Aug-20,7,487,1
25-Aug-20,7,529,1
25-Aug-20,9,540,1
26-Aug-20,1,476,1
26-Aug-20,7,362,1
26-Aug-20,9,226,1
26-Aug-20,9,466,1
27-Aug-20,6,477,1
27-Aug-20,8,477,1
28-Aug-20,1,540,1
28-Aug-20,4,575,1
28-Aug-20,6,223,1
28-Aug-20,6,477,1
29-Aug-20,4,477,1
29-Aug-20,4,489,1
29-Aug-20,7,477,1
29-Aug-20,7,529,1
30-Aug-20,1,477,1
30-Aug-20,1,480,2
30-Aug-20,4,464,1
30-Aug-20,6,482,1
30-Aug-20,6,528,1
30-Aug-20,7,539,1
30-Aug-20,9,479,1
30-Aug-20,9,529,1
30-Aug-20,10,530,1
31-Aug-20,1,480,1
31-Aug-20,1,568,1
31-Aug-20,7,530,1
31-Aug-20,9,480,1
01-Sep-20,1,220,1
01-Sep-20,6,535,1
02-Sep-20,7,478,1
02-Sep-20,9,385,1
03-Sep-20,1,477,1
03-Sep-20,1,538,1
03-Sep-20,4,466,1
03-Sep-20,6,574,1
03-Sep-20,9,362,1
03-Sep-20,9,480,1
03-Sep-20,9,528,1
03-Sep-20,9,561,1
04-Sep-20,6,477,1
04-Sep-20,6,541,1
04-Sep-20,7,528,1
04-Sep-20,10,484,1
05-Sep-20,1,477,1
05-Sep-20,4,362,1
05-Sep-20,4,537,1
05-Sep-20,6,220,1
05-Sep-20,9,477,1
05-Sep-20,9,485,1
06-Sep-20,1,214,1
06-Sep-20,4,477,1
06-Sep-20,4,478,1
06-Sep-20,8,562,1
06-Sep-20,9,480,1
06-Sep-20,10,223,1
07-Sep-20,4,220,1
07-Sep-20,9,358,1
08-Sep-20,6,475,1
08-Sep-20,9,360,1
08-Sep-20,9,538,1
09-Sep-20,4,477,1
09-Sep-20,7,477,1
09-Sep-20,7,478,1
09-Sep-20,8,480,1
10-Sep-20,9,385,1
10-Sep-20,9,528,1
10-Sep-20,10,489,1
10-Sep-20,10,529,1
11-Sep-20,8,538,1
11-Sep-20,9,480,1
11-Sep-20,10,389,1
12-Sep-20,4,214,1
12-Sep-20,6,536,1
13-Sep-20,4,358,1
13-Sep-20,4,474,1
13-Sep-20,6,477,1
13-Sep-20,7,477,1
13-Sep-20,9,478,1
13-Sep-20,10,223,1
14-Sep-20,10,537,1
14-Sep-20,10,576,1
15-Sep-20,1,387,1
15-Sep-20,6,215,1
15-Sep-20,6,479,1
15-Sep-20,6,529,1
15-Sep-20,10,529,1
15-Sep-20,10,530,1
16-Sep-20,1,478,1
16-Sep-20,1,537,1
16-Sep-20,4,477,1
16-Sep-20,6,478,2
16-Sep-20,6,529,1
17-Sep-20,4,464,1
17-Sep-20,6,464,1
17-Sep-20,8,214,1
18-Sep-20,1,540,1
18-Sep-20,8,373,1
18-Sep-20,9,529,1
19-Sep-20,1,220,1
19-Sep-20,1,389,1
19-Sep-20,1,528,1
19-Sep-20,6,538,1
19-Sep-20,10,581,1
20-Sep-20,6,387,1
20-Sep-20,6,479,1
20-Sep-20,10,477,1
20-Sep-20,10,538,1
21-Sep-20,1,538,1
21-Sep-20,4,477,1
21-Sep-20,7,480,1
21-Sep-20,7,529,1
22-Sep-20,4,535,1
23-Sep-20,4,477,1
23-Sep-20,6,464,1
23-Sep-20,8,491,1
23-Sep-20,10,541,1
23-Sep-20,10,561,1
24-Sep-20,1,232,1
24-Sep-20,1,535,1
24-Sep-20,6,474,1
24-Sep-20,10,215,1
25-Sep-20,1,539,1
25-Sep-20,7,528,1
26-Sep-20,1,483,1
26-Sep-20,1,538,1
26-Sep-20,1,593,1
26-Sep-20,4,477,1
26-Sep-20,4,485,1
26-Sep-20,6,215,1
26-Sep-20,8,529,1
26-Sep-20,8,536,1
26-Sep-20,8,582,1
26-Sep-20,9,488,1
27-Sep-20,8,528,1
27-Sep-20,10,232,1
28-Sep-20,1,477,1
28-Sep-20,6,528,1
28-Sep-20,8,229,1
28-Sep-20,9,223,1
29-Sep-20,6,528,1
29-Sep-20,10,540,1
30-Sep-20,1,471,1
30-Sep-20,4,605,1
30-Sep-20,6,528,2
30-Sep-20,8,538,1
30-Sep-20,9,605,1
30-Sep-20,10,528,1
01-Oct-20,4,478,1
01-Oct-20,6,232,1
01-Oct-20,10,358,1
01-Oct-20,10,477,1
01-Oct-20,10,528,1
02-Oct-20,1,480,1
02-Oct-20,1,535,1
02-Oct-20,4,214,1
02-Oct-20,4,529,1
02-Oct-20,9,215,1
02-Oct-20,10,529,1
03-Oct-20,8,352,1
04-Oct-20,4,479,1
04-Oct-20,4,487,1
04-Oct-20,6,480,1
04-Oct-20,9,214,1
05-Oct-20,1,485,1
05-Oct-20,6,480,1
05-Oct-20,10,466,1
06-Oct-20,4,485,1
06-Oct-20,9,223,1
06-Oct-20,9,360,1
06-Oct-20,9,477,1
06-Oct-20,9,478,1
06-Oct-20,9,488,1
07-Oct-20,6,538,1
07-Oct-20,10,235,1
08-Oct-20,1,536,1
08-Oct-20,4,477,1
08-Oct-20,9,480,1
08-Oct-20,9,540,1
09-Oct-20,1,223,1
09-Oct-20,1,478,1
09-Oct-20,4,223,1
09-Oct-20,7,229,1
09-Oct-20,7,530,1
09-Oct-20,8,235,1
09-Oct-20,9,477,1
09-Oct-20,10,464,1
09-Oct-20,10,480,1
09-Oct-20,10,529,1
10-Oct-20,4,232,1
10-Oct-20,4,464,1
10-Oct-20,4,537,1
10-Oct-20,9,478,1
10-Oct-20,9,529,1
10-Oct-20,9,535,1
10-Oct-20,10,479,1
10-Oct-20,10,535,1
11-Oct-20,1,580,1
11-Oct-20,4,528,1
11-Oct-20,6,600,1
11-Oct-20,9,530,1
12-Oct-20,6,476,1
12-Oct-20,6,537,1
12-Oct-20,6,539,1
12-Oct-20,9,360,1
12-Oct-20,10,214,1
12-Oct-20,10,215,1
13-Oct-20,9,223,1
13-Oct-20,9,383,1
13-Oct-20,10,540,1
14-Oct-20,1,581,1
14-Oct-20,4,215,1
14-Oct-20,9,477,1
15-Oct-20,1,604,1
15-Oct-20,10,352,1
16-Oct-20,4,479,1
16-Oct-20,4,485,1
16-Oct-20,9,489,1
16-Oct-20,10,381,1
17-Oct-20,6,480,1
17-Oct-20,8,530,1
17-Oct-20,9,485,1
17-Oct-20,9,538,1
18-Oct-20,7,482,1
19-Oct-20,4,589,1
19-Oct-20,9,220,1
19-Oct-20,9,354,1
20-Oct-20,1,466,1
20-Oct-20,1,480,1
20-Oct-20,1,535,1
20-Oct-20,9,464,1
20-Oct-20,10,478,1
21-Oct-20,1,223,1
21-Oct-20,4,482,1
21-Oct-20,6,215,1
21-Oct-20,9,537,1
21-Oct-20,9,539,1
22-Oct-20,1,605,1
22-Oct-20,6,530,1
22-Oct-20,7,605,1
22-Oct-20,9,479,1
22-Oct-20,9,537,1
23-Oct-20,1,223,1
23-Oct-20,4,360,1
23-Oct-20,4,485,1
24-Oct-20,4,214,1
24-Oct-20,7,466,1
24-Oct-20,8,541,1
25-Oct-20,4,540,1
25-Oct-20,4,606,1
25-Oct-20,9,477,1
25-Oct-20,9,481,1
25-Oct-20,10,485,1
26-Oct-20,1,389,1
26-Oct-20,1,528,1
26-Oct-20,1,529,1
26-Oct-20,1,530,1
26-Oct-20,4,488,1
26-Oct-20,8,478,1
26-Oct-20,9,541,1
27-Oct-20,6,220,1
27-Oct-20,9,489,1
28-Oct-20,4,223,1
28-Oct-20,7,480,1
28-Oct-20,7,484,1
28-Oct-20,7,577,1
28-Oct-20,9,220,1
28-Oct-20,9,477,1
28-Oct-20,10,471,1
29-Oct-20,4,581,1
29-Oct-20,6,541,1
29-Oct-20,8,235,1
29-Oct-20,9,538,1
29-Oct-20,10,477,1
30-Oct-20,4,537,1
30-Oct-20,6,475,1
30-Oct-20,9,358,1
30-Oct-20,10,371,1
31-Oct-20,1,596,1
31-Oct-20,4,215,1
31-Oct-20,7,530,1
31-Oct-20,8,358,1
31-Oct-20,8,528,1
31-Oct-20,8,584,1
31-Oct-20,9,604,1
01-Nov-20,6,477,1
01-Nov-20,6,478,1
01-Nov-20,6,528,1
01-Nov-20,6,529,1
02-Nov-20,4,215,1
02-Nov-20,6,360,1
02-Nov-20,7,477,1
02-Nov-20,9,214,1
02-Nov-20,10,385,1
03-Nov-20,4,474,1
03-Nov-20,4,541,1
03-Nov-20,8,375,1
03-Nov-20,9,489,1
04-Nov-20,4,466,1
04-Nov-20,10,528,1
05-Nov-20,1,478,1
05-Nov-20,9,480,1
05-Nov-20,10,529,1
06-Nov-20,1,485,1
06-Nov-20,4,477,2
07-Nov-20,1,354,1
07-Nov-20,4,477,2
07-Nov-20,6,478,1
07-Nov-20,6,540,1
07-Nov-20,8,477,1
07-Nov-20,9,477,1
07-Nov-20,9,535,1
07-Nov-20,9,537,1
07-Nov-20,9,604,1
08-Nov-20,1,478,1
08-Nov-20,4,472,1
08-Nov-20,10,536,1
09-Nov-20,1,478,1
09-Nov-20,7,220,1
09-Nov-20,9,477,1
09-Nov-20,10,477,1
10-Nov-20,1,362,1
10-Nov-20,4,530,1
10-Nov-20,6,528,1
10-Nov-20,7,479,1
10-Nov-20,10,485,1
11-Nov-20,1,220,1
12-Nov-20,4,480,1
12-Nov-20,6,606,1
12-Nov-20,8,477,1
12-Nov-20,9,535,1
12-Nov-20,10,541,1
13-Nov-20,1,479,1
13-Nov-20,1,562,1
13-Nov-20,9,375,1
14-Nov-20,1,466,1
14-Nov-20,1,589,1
14-Nov-20,4,478,1
14-Nov-20,7,215,1
14-Nov-20,7,538,1
14-Nov-20,9,537,1
14-Nov-20,9,592,1
14-Nov-20,10,215,1
14-Nov-20,10,477,1
15-Nov-20,1,480,1
15-Nov-20,4,478,1
15-Nov-20,4,560,1
16-Nov-20,1,528,1
16-Nov-20,4,538,1
17-Nov-20,1,480,1
17-Nov-20,6,605,1
17-Nov-20,8,584,1
17-Nov-20,9,487,1
17-Nov-20,10,385,1
18-Nov-20,1,479,1
18-Nov-20,6,480,1
18-Nov-20,7,220,1
18-Nov-20,7,487,1
18-Nov-20,8,541,1
18-Nov-20,9,220,1
18-Nov-20,10,529,1
18-Nov-20,10,583,1
18-Nov-20,10,584,1
19-Nov-20,4,220,1
19-Nov-20,4,377,1
19-Nov-20,4,486,1
19-Nov-20,4,541,1
19-Nov-20,6,584,1
19-Nov-20,8,214,1
19-Nov-20,9,214,1
19-Nov-20,9,582,1
20-Nov-20,4,481,1
20-Nov-20,6,462,1
20-Nov-20,6,538,1
20-Nov-20,8,529,1
20-Nov-20,9,487,1
21-Nov-20,1,220,1
21-Nov-20,1,226,1
21-Nov-20,4,362,1
21-Nov-20,4,464,1
22-Nov-20,4,356,1
22-Nov-20,4,485,1
22-Nov-20,6,220,1
22-Nov-20,9,489,1
22-Nov-20,10,214,1
23-Nov-20,1,478,1
23-Nov-20,1,479,1
23-Nov-20,4,215,1
23-Nov-20,4,476,1
23-Nov-20,9,214,1
24-Nov-20,1,220,1
24-Nov-20,1,528,1
24-Nov-20,9,536,1
24-Nov-20,10,358,1
24-Nov-20,10,478,1
25-Nov-20,4,485,1
25-Nov-20,6,484,1
25-Nov-20,6,528,1
26-Nov-20,4,529,1
26-Nov-20,7,479,1
26-Nov-20,8,484,1
27-Nov-20,6,528,1
27-Nov-20,9,462,1
28-Nov-20,1,480,1
28-Nov-20,1,483,1
28-Nov-20,1,530,1
28-Nov-20,4,477,1
28-Nov-20,9,215,1
28-Nov-20,9,589,1
28-Nov-20,10,477,1
28-Nov-20,10,478,1
29-Nov-20,1,535,1
29-Nov-20,10,477,1
29-Nov-20,10,479,1
30-Nov-20,1,476,1
30-Nov-20,4,214,1
30-Nov-20,4,535,1
30-Nov-20,7,476,1
30-Nov-20,9,606,1
01-Dec-20,1,215,1
01-Dec-20,6,535,1
01-Dec-20,7,220,1
01-Dec-20,7,586,1
01-Dec-20,8,223,1
01-Dec-20,8,477,1
01-Dec-20,9,214,1
01-Dec-20,9,540,1
02-Dec-20,6,474,1
03-Dec-20,1,528,1
03-Dec-20,1,535,1
03-Dec-20,6,464,1
03-Dec-20,6,528,1
03-Dec-20,9,488,1
03-Dec-20,10,220,1
04-Dec-20,1,478,1
04-Dec-20,1,539,1
04-Dec-20,8,477,1
04-Dec-20,9,529,1
05-Dec-20,4,214,1
05-Dec-20,4,528,1
05-Dec-20,6,478,1
05-Dec-20,8,385,1
05-Dec-20,9,477,1
05-Dec-20,10,214,1
05-Dec-20,10,215,1
06-Dec-20,1,528,1
06-Dec-20,4,215,1
06-Dec-20,6,485,1
06-Dec-20,8,563,1
07-Dec-20,4,466,1
07-Dec-20,4,528,1
07-Dec-20,4,540,1
07-Dec-20,6,474,1
07-Dec-20,7,220,1
07-Dec-20,7,595,1
07-Dec-20,9,564,1
07-Dec-20,10,598,1
08-Dec-20,4,214,1
08-Dec-20,9,490,1
08-Dec-20,9,577,1
08-Dec-20,10,462,1
09-Dec-20,4,223,1
09-Dec-20,4,480,1
09-Dec-20,4,530,1
09-Dec-20,4,537,1
09-Dec-20,6,471,1
09-Dec-20,6,475,1
09-Dec-20,8,479,1
09-Dec-20,9,479,1
09-Dec-20,9,530,1
10-Dec-20,7,537,1
10-Dec-20,9,478,1
11-Dec-20,1,371,1
11-Dec-20,9,476,1
11-Dec-20,9,477,1
12-Dec-20,4,220,1
12-Dec-20,6,214,1
12-Dec-20,7,214,1
12-Dec-20,7,530,1
12-Dec-20,7,536,1
12-Dec-20,8,478,1
12-Dec-20,10,485,1
13-Dec-20,1,480,1
13-Dec-20,1,485,1
13-Dec-20,4,535,1
13-Dec-20,6,529,1
13-Dec-20,8,223,1
13-Dec-20,9,486,1
13-Dec-20,9,530,1
14-Dec-20,1,540,1
14-Dec-20,4,479,1
14-Dec-20,6,220,1
15-Dec-20,1,362,1
15-Dec-20,1,478,1
15-Dec-20,6,577,1
15-Dec-20,7,489,1
15-Dec-20,8,528,1
15-Dec-20,8,538,1
15-Dec-20,9,535,1
15-Dec-20,9,572,1
15-Dec-20,10,480,1
16-Dec-20,1,480,1
16-Dec-20,6,530,1
16-Dec-20,9,385,1
16-Dec-20,10,484,1
17-Dec-20,1,474,1
17-Dec-20,1,539,1
17-Dec-20,4,220,1
17-Dec-20,4,583,1
17-Dec-20,6,528,1
17-Dec-20,6,537,1
17-Dec-20,10,477,1
18-Dec-20,1,358,1
18-Dec-20,6,477,1
19-Dec-20,8,220,1
19-Dec-20,9,576,1
19-Dec-20,10,356,1
20-Dec-20,1,529,1
20-Dec-20,6,478,1
20-Dec-20,8,223,1
20-Dec-20,9,535,1
20-Dec-20,10,575,1
21-Dec-20,1,477,1
21-Dec-20,6,360,1
21-Dec-20,7,477,1
21-Dec-20,10,480,1
22-Dec-20,1,385,1
23-Dec-20,4,215,1
23-Dec-20,4,477,1
23-Dec-20,4,488,1
23-Dec-20,7,215,1
23-Dec-20,9,484,1
24-Dec-20,1,480,1
24-Dec-20,1,537,1
24-Dec-20,1,539,1
24-Dec-20,4,481,1
24-Dec-20,6,462,1
24-Dec-20,6,477,1
24-Dec-20,9,529,1
24-Dec-20,9,530,1
25-Dec-20,1,214,1
25-Dec-20,1,220,1
25-Dec-20,4,476,1
25-Dec-20,4,588,1
25-Dec-20,7,215,1
25-Dec-20,8,223,1
25-Dec-20,9,229,1
25-Dec-20,9,530,1
25-Dec-20,10,232,1
26-Dec-20,1,232,1
26-Dec-20,1,479,1
26-Dec-20,4,214,1
26-Dec-20,6,528,1
26-Dec-20,8,479,1
26-Dec-20,9,387,1
26-Dec-20,10,528,1
27-Dec-20,6,528,1
27-Dec-20,9,479,1
27-Dec-20,9,480,1
28-Dec-20,1,584,1
28-Dec-20,4,214,1
28-Dec-20,4,538,1
28-Dec-20,6,537,1
28-Dec-20,7,477,1
28-Dec-20,8,214,1
28-Dec-20,9,562,1
28-Dec-20,9,605,1
29-Dec-20,1,484,1
29-Dec-20,1,528,1
30-Dec-20,1,215,1
30-Dec-20,1,535,1
30-Dec-20,1,540,1
30-Dec-20,4,381,1
30-Dec-20,4,484,1
30-Dec-20,6,482,1
30-Dec-20,7,229,1
31-Dec-20,4,223,1
31-Dec-20,4,537,1
31-Dec-20,6,539,1
31-Dec-20,7,477,1
31-Dec-20,8,580,1
31-Dec-20,10,479,1
01-Jan-21,6,528,1
01-Jan-21,9,477,1
01-Jan-21,9,479,2
01-Jan-21,9,528,1
01-Jan-21,10,485,1
02-Jan-21,1,537,1
02-Jan-21,4,215,1
02-Jan-21,4,479,1
02-Jan-21,8,214,1
02-Jan-21,8,528,1
02-Jan-21,9,214,1
02-Jan-21,9,561,1
03-Jan-21,1,487,1
03-Jan-21,4,485,1
03-Jan-21,6,477,1
03-Jan-21,7,540,1
03-Jan-21,8,480,1
03-Jan-21,9,477,1
04-Jan-21,4,536,1
04-Jan-21,9,484,1
05-Jan-21,1,479,1
05-Jan-21,6,536,1
05-Jan-21,7,214,1
05-Jan-21,10,480,1
06-Jan-21,7,479,1
06-Jan-21,7,486,1
06-Jan-21,9,223,1
06-Jan-21,9,385,1
07-Jan-21,1,220,1
07-Jan-21,1,490,1
07-Jan-21,7,373,1
08-Jan-21,1,480,1
08-Jan-21,1,489,1
08-Jan-21,8,485,1
08-Jan-21,10,535,1
09-Jan-21,4,478,1
09-Jan-21,4,479,1
09-Jan-21,6,474,1
09-Jan-21,9,214,1
10-Jan-21,1,220,1
10-Jan-21,4,577,1
10-Jan-21,6,462,1
10-Jan-21,6,536,1
10-Jan-21,6,538,1
10-Jan-21,8,215,1
10-Jan-21,10,535,1
11-Jan-21,1,484,1
11-Jan-21,1,588,1
11-Jan-21,4,529,1
11-Jan-21,4,537,1
11-Jan-21,7,220,1
11-Jan-21,7,478,1
11-Jan-21,9,215,1
11-Jan-21,9,477,1
11-Jan-21,9,484,1
11-Jan-21,9,576,1
11-Jan-21,10,464,1
12-Jan-21,4,484,1
12-Jan-21,6,537,1
12-Jan-21,9,473,1
12-Jan-21,9,479,1
13-Jan-21,4,529,1
13-Jan-21,9,473,1
14-Jan-21,1,358,1
14-Jan-21,6,485,1
14-Jan-21,9,371,1
14-Jan-21,10,229,1
14-Jan-21,10,529,1
15-Jan-21,1,232,1
15-Jan-21,1,541,1
15-Jan-21,6,477,1
15-Jan-21,7,538,1
15-Jan-21,8,530,1
15-Jan-21,9,360,1
15-Jan-21,9,488,1
15-Jan-21,9,529,1
15-Jan-21,10,478,1
16-Jan-21,9,540,1
16-Jan-21,10,588,1
17-Jan-21,4,214,1
17-Jan-21,4,220,1
17-Jan-21,4,528,1
17-Jan-21,6,477,1
17-Jan-21,6,529,1
17-Jan-21,8,484,1
17-Jan-21,9,477,1
17-Jan-21,9,485,1
18-Jan-21,1,528,1
18-Jan-21,4,487,1
18-Jan-21,4,528,1
18-Jan-21,6,481,2
18-Jan-21,8,220,1
18-Jan-21,9,471,1
18-Jan-21,9,474,1
18-Jan-21,9,477,1
18-Jan-21,10,529,1
19-Jan-21,1,478,1
19-Jan-21,9,214,1
19-Jan-21,9,541,1
19-Jan-21,10,475,1
19-Jan-21,10,539,1
20-Jan-21,7,229,1
20-Jan-21,8,484,1
20-Jan-21,8,538,1
20-Jan-21,9,485,1
20-Jan-21,10,215,1
20-Jan-21,10,573,1
21-Jan-21,4,477,1
21-Jan-21,7,214,1
21-Jan-21,8,529,1
21-Jan-21,9,489,1
21-Jan-21,10,479,1
22-Jan-21,4,529,1
22-Jan-21,6,535,1
22-Jan-21,6,540,1
22-Jan-21,8,529,1
22-Jan-21,9,215,1
22-Jan-21,9,477,1
22-Jan-21,10,215,1
23-Jan-21,6,223,1
23-Jan-21,7,530,1
24-Jan-21,6,214,1
24-Jan-21,9,477,2
25-Jan-21,1,529,1
25-Jan-21,6,479,1
26-Jan-21,4,480,1
26-Jan-21,4,530,1
26-Jan-21,6,226,1
26-Jan-21,6,477,1
26-Jan-21,6,537,1
26-Jan-21,7,537,1
27-Jan-21,1,472,1
27-Jan-21,1,528,1
27-Jan-21,6,485,1
28-Jan-21,1,537,1
28-Jan-21,4,485,1
28-Jan-21,6,536,1
28-Jan-21,8,477,1
28-Jan-21,9,358,1
28-Jan-21,9,371,1
28-Jan-21,9,487,1
28-Jan-21,10,481,1
28-Jan-21,10,530,1
29-Jan-21,4,606,1
29-Jan-21,6,528,1
29-Jan-21,6,537,1
29-Jan-21,7,536,1
29-Jan-21,9,466,1
29-Jan-21,10,530,1
30-Jan-21,4,528,1
30-Jan-21,9,462,1
31-Jan-21,4,477,1
31-Jan-21,6,537,1
31-Jan-21,8,479,1
31-Jan-21,8,535,1
01-Feb-21,1,477,1
01-Feb-21,1,480,1
01-Feb-21,1,600,1
01-Feb-21,4,477,1
01-Feb-21,4,485,1
01-Feb-21,7,223,1
01-Feb-21,9,528,1
02-Feb-21,7,477,1
02-Feb-21,8,232,1
02-Feb-21,10,529,1
02-Feb-21,10,538,1
03-Feb-21,10,480,1
04-Feb-21,4,529,1
04-Feb-21,8,480,2
04-Feb-21,9,560,1
05-Feb-21,4,477,1
05-Feb-21,4,541,1
05-Feb-21,6,214,1
05-Feb-21,6,478,1
05-Feb-21,6,481,1
05-Feb-21,6,535,1
05-Feb-21,9,478,1
05-Feb-21,9,604,1
06-Feb-21,1,223,1
06-Feb-21,1,485,1
06-Feb-21,4,479,1
06-Feb-21,4,528,1
06-Feb-21,4,530,1
06-Feb-21,4,539,1
06-Feb-21,8,535,1
06-Feb-21,10,487,1
06-Feb-21,10,600,1
07-Feb-21,1,582,1
07-Feb-21,4,476,1
07-Feb-21,4,487,1
07-Feb-21,8,539,1
07-Feb-21,8,562,1
07-Feb-21,9,472,1
07-Feb-21,9,528,1
07-Feb-21,10,478,1
07-Feb-21,10,539,1
08-Feb-21,4,215,1
08-Feb-21,4,478,1
08-Feb-21,6,478,1
08-Feb-21,7,215,1
08-Feb-21,9,477,1
09-Feb-21,7,377,1
09-Feb-21,7,477,1
09-Feb-21,8,226,1
10-Feb-21,1,223,1
10-Feb-21,7,481,1
11-Feb-21,1,476,1
11-Feb-21,6,477,1
11-Feb-21,6,478,2
11-Feb-21,6,529,1
11-Feb-21,7,356,1
11-Feb-21,10,539,1
12-Feb-21,1,477,1
12-Feb-21,4,477,1
12-Feb-21,4,480,1
12-Feb-21,6,485,1
12-Feb-21,7,529,1
12-Feb-21,9,480,1
12-Feb-21,9,485,1
12-Feb-21,10,479,1
13-Feb-21,7,529,1
13-Feb-21,9,214,1
13-Feb-21,9,528,1
14-Feb-21,1,229,1
14-Feb-21,4,530,1
14-Feb-21,6,535,1
14-Feb-21,7,362,1
14-Feb-21,9,477,1
14-Feb-21,10,480,1
15-Feb-21,4,223,1
15-Feb-21,4,536,1
15-Feb-21,4,541,1
15-Feb-21,6,477,1
15-Feb-21,9,606,1
16-Feb-21,8,538,1
17-Feb-21,1,214,1
17-Feb-21,1,530,1
17-Feb-21,1,536,1
17-Feb-21,4,214,1
17-Feb-21,4,605,2
17-Feb-21,6,485,1
17-Feb-21,6,490,1
17-Feb-21,9,385,1
17-Feb-21,9,477,1
18-Feb-21,4,220,1
18-Feb-21,6,530,1
19-Feb-21,4,528,1
19-Feb-21,4,529,1
19-Feb-21,4,537,1
19-Feb-21,7,354,1
19-Feb-21,9,583,1
20-Feb-21,1,214,1
20-Feb-21,1,371,1
20-Feb-21,4,573,1
20-Feb-21,7,528,1
20-Feb-21,8,229,1
20-Feb-21,9,477,1
20-Feb-21,9,530,1
20-Feb-21,10,485,1
21-Feb-21,6,477,1
21-Feb-21,9,477,1
21-Feb-21,9,580,1
22-Feb-21,4,223,1
22-Feb-21,4,232,1
22-Feb-21,8,485,1
22-Feb-21,9,479,1
22-Feb-21,9,484,1
23-Feb-21,4,226,1
23-Feb-21,4,462,1
23-Feb-21,4,475,1
23-Feb-21,9,539,1
23-Feb-21,10,475,1
23-Feb-21,10,477,1
24-Feb-21,1,530,1
24-Feb-21,4,220,1
24-Feb-21,6,475,1
24-Feb-21,7,540,1
24-Feb-21,8,478,1
24-Feb-21,8,484,1
24-Feb-21,8,588,1
24-Feb-21,8,599,1
24-Feb-21,9,477,2
24-Feb-21,9,562,1
25-Feb-21,1,466,1
25-Feb-21,1,477,1
25-Feb-21,1,480,1
26-Feb-21,1,537,1
26-Feb-21,5,540,1
26-Feb-21,6,477,1
26-Feb-21,7,480,1
27-Feb-21,1,235,1
27-Feb-21,1,528,1
27-Feb-21,1,538,1
27-Feb-21,4,529,1
27-Feb-21,6,477,1
27-Feb-21,6,528,1
27-Feb-21,6,583,1
27-Feb-21,9,226,1
27-Feb-21,9,478,1
28-Feb-21,4,478,1
28-Feb-21,6,478,1
28-Feb-21,7,536,1
28-Feb-21,9,479,1
28-Feb-21,9,482,1
28-Feb-21,9,539,1
01-Mar-21,4,477,2
01-Mar-21,4,535,1
01-Mar-21,4,595,1
01-Mar-21,8,215,1
01-Mar-21,8,529,1
01-Mar-21,9,220,1
01-Mar-21,1,480,1
01-Mar-21,6,530,1
01-Mar-21,8,582,1
01-Mar-21,10,485,1
02-Mar-21,1,485,1
02-Mar-21,4,528,1
02-Mar-21,6,530,1
02-Mar-21,9,474,1
03-Mar-21,1,215,1
03-Mar-21,1,540,1
03-Mar-21,4,528,1
03-Mar-21,6,462,1
03-Mar-21,7,375,1
03-Mar-21,10,223,1
04-Mar-21,4,479,1
04-Mar-21,6,232,1
04-Mar-21,6,528,1
04-Mar-21,9,528,1
04-Mar-21,10,487,1
05-Mar-21,4,354,1
05-Mar-21,4,477,1
05-Mar-21,6,580,1
05-Mar-21,9,223,1
06-Mar-21,6,220,1
06-Mar-21,7,536,1
07-Mar-21,1,223,1
07-Mar-21,4,491,1
07-Mar-21,4,535,1
07-Mar-21,4,575,1
07-Mar-21,6,476,1
07-Mar-21,9,214,1
08-Mar-21,1,490,1
08-Mar-21,4,538,1
08-Mar-21,8,215,1
08-Mar-21,9,354,1
08-Mar-21,9,605,1
08-Mar-21,10,606,1
09-Mar-21,1,352,1
09-Mar-21,6,472,1
09-Mar-21,7,214,1
09-Mar-21,7,528,1
09-Mar-21,7,537,1
09-Mar-21,9,536,1
10-Mar-21,6,478,1
10-Mar-21,10,528,1
11-Mar-21,4,478,1
11-Mar-21,4,485,1
11-Mar-21,6,214,1
11-Mar-21,7,541,1
12-Mar-21,1,477,1
12-Mar-21,4,232,1
12-Mar-21,4,577,1
12-Mar-21,8,479,1
12-Mar-21,10,360,1
13-Mar-21,4,482,1
13-Mar-21,7,541,1
13-Mar-21,8,480,2
13-Mar-21,9,352,1
13-Mar-21,9,358,1
14-Mar-21,4,232,1
14-Mar-21,4,477,1
14-Mar-21,6,529,1
14-Mar-21,9,530,1
14-Mar-21,9,606,1
15-Mar-21,6,215,1
15-Mar-21,6,480,1
16-Mar-21,1,471,1
16-Mar-21,4,538,1
16-Mar-21,4,571,1
16-Mar-21,4,587,1
16-Mar-21,9,489,1
16-Mar-21,9,537,1
17-Mar-21,4,480,1
17-Mar-21,4,535,1
17-Mar-21,6,214,1
17-Mar-21,9,541,1
18-Mar-21,1,356,1
18-Mar-21,4,529,1
18-Mar-21,6,464,1
18-Mar-21,7,473,1
18-Mar-21,7,477,1
18-Mar-21,7,538,1
18-Mar-21,9,538,1
18-Mar-21,10,479,1
19-Mar-21,1,528,1
19-Mar-21,4,477,1
19-Mar-21,4,478,1
19-Mar-21,9,475,1
20-Mar-21,1,480,1
20-Mar-21,4,490,1
20-Mar-21,4,605,1
20-Mar-21,7,360,1
20-Mar-21,9,466,1
20-Mar-21,10,538,1
21-Mar-21,1,540,1
21-Mar-21,1,604,1
21-Mar-21,6,538,1
21-Mar-21,7,528,1
21-Mar-21,9,220,1
21-Mar-21,9,573,1
21-Mar-21,10,581,1
22-Mar-21,1,478,1
22-Mar-21,6,538,1
22-Mar-21,9,220,1
22-Mar-21,9,480,1
22-Mar-21,10,485,1
23-Mar-21,4,477,1
23-Mar-21,6,487,1
23-Mar-21,8,536,1
24-Mar-21,9,477,1
25-Mar-21,4,530,1
25-Mar-21,6,214,1
25-Mar-21,6,530,1
25-Mar-21,9,477,1
25-Mar-21,9,538,1
26-Mar-21,1,220,1
26-Mar-21,4,483,1
26-Mar-21,7,223,1
26-Mar-21,8,485,1
27-Mar-21,4,479,1
27-Mar-21,6,223,1
27-Mar-21,6,477,1
27-Mar-21,7,472,1
27-Mar-21,7,477,1
27-Mar-21,7,537,1
27-Mar-21,10,214,1
28-Mar-21,1,215,1
28-Mar-21,4,214,1
28-Mar-21,4,537,1
28-Mar-21,7,362,1
28-Mar-21,9,223,1
28-Mar-21,9,473,1
28-Mar-21,9,476,1
28-Mar-21,10,223,1
29-Mar-21,1,220,1
29-Mar-21,1,475,1
29-Mar-21,1,528,1
29-Mar-21,4,475,1
29-Mar-21,6,480,1
29-Mar-21,7,220,1
29-Mar-21,10,214,1
29-Mar-21,10,596,1
30-Mar-21,1,479,1
30-Mar-21,1,566,1
30-Mar-21,6,485,1
30-Mar-21,6,537,1
30-Mar-21,7,529,1
31-Mar-21,1,387,1
31-Mar-21,4,482,1
31-Mar-21,4,528,1
31-Mar-21,6,480,1
31-Mar-21,7,482,1
01-Apr-21,4,215,1
01-Apr-21,4,354,1
01-Apr-21,4,580,1
01-Apr-21,6,229,1
01-Apr-21,6,528,1
01-Apr-21,8,383,1
02-Apr-21,8,220,1
02-Apr-21,10,480,1
03-Apr-21,4,477,1
03-Apr-21,4,491,1
03-Apr-21,6,486,1
03-Apr-21,9,235,1
03-Apr-21,9,536,1
03-Apr-21,9,564,1
03-Apr-21,10,480,1
03-Apr-21,10,535,1
04-Apr-21,4,480,1
04-Apr-21,4,538,1
04-Apr-21,7,561,1
04-Apr-21,8,360,1
04-Apr-21,8,477,1
04-Apr-21,9,477,1
05-Apr-21,6,480,1
05-Apr-21,7,539,1
05-Apr-21,8,539,1
06-Apr-21,1,220,1
06-Apr-21,1,356,1
06-Apr-21,1,477,1
06-Apr-21,4,214,1
06-Apr-21,4,223,2
06-Apr-21,4,574,1
06-Apr-21,8,605,1
07-Apr-21,8,214,1
07-Apr-21,8,480,1
07-Apr-21,10,528,1
07-Apr-21,10,530,1
07-Apr-21,10,577,1
08-Apr-21,4,476,1
08-Apr-21,4,540,1
08-Apr-21,7,215,1
08-Apr-21,9,488,1
08-Apr-21,10,215,1
09-Apr-21,7,220,1
09-Apr-21,9,539,1
10-Apr-21,4,528,1
10-Apr-21,6,220,1
10-Apr-21,8,471,1
10-Apr-21,8,560,1
10-Apr-21,9,484,1
10-Apr-21,10,383,1
10-Apr-21,10,566,1
11-Apr-21,1,537,1
11-Apr-21,4,536,1
11-Apr-21,4,588,1
11-Apr-21,7,479,1
11-Apr-21,7,480,1
11-Apr-21,9,375,1
11-Apr-21,9,484,1
11-Apr-21,9,563,1
12-Apr-21,4,530,1
12-Apr-21,6,576,1
12-Apr-21,7,575,1
12-Apr-21,9,477,1
12-Apr-21,10,478,1
12-Apr-21,10,606,1
13-Apr-21,1,477,1
13-Apr-21,4,478,2
13-Apr-21,9,483,1
14-Apr-21,4,590,1
14-Apr-21,6,480,1
14-Apr-21,10,215,1
14-Apr-21,10,529,1
14-Apr-21,10,590,1
15-Apr-21,1,490,1
15-Apr-21,7,477,1
15-Apr-21,7,488,1
15-Apr-21,7,489,1
15-Apr-21,9,480,1
16-Apr-21,4,479,1
16-Apr-21,4,537,1
16-Apr-21,4,581,1
16-Apr-21,8,529,1
17-Apr-21,1,539,1
17-Apr-21,8,472,1
17-Apr-21,8,605,1
17-Apr-21,9,565,1
17-Apr-21,9,567,1
18-Apr-21,1,383,1
18-Apr-21,4,561,1
18-Apr-21,7,464,1
18-Apr-21,9,479,1
18-Apr-21,10,479,1
18-Apr-21,10,577,1
19-Apr-21,4,214,1
19-Apr-21,4,478,1
19-Apr-21,6,528,1
19-Apr-21,7,486,1
19-Apr-21,7,530,1
19-Apr-21,10,487,1
20-Apr-21,8,583,1
20-Apr-21,10,482,1
21-Apr-21,4,235,1
21-Apr-21,4,477,1
21-Apr-21,9,383,1
22-Apr-21,4,528,1
22-Apr-21,7,541,1
22-Apr-21,8,530,1
22-Apr-21,8,584,1
23-Apr-21,1,484,1
23-Apr-21,4,215,1
23-Apr-21,4,226,1
23-Apr-21,4,480,1
23-Apr-21,6,220,1
23-Apr-21,6,466,1
23-Apr-21,7,529,1
23-Apr-21,8,538,1
23-Apr-21,9,480,1
24-Apr-21,4,220,1
24-Apr-21,4,477,1
24-Apr-21,7,215,1
24-Apr-21,7,352,1
24-Apr-21,7,477,1
24-Apr-21,9,589,1
25-Apr-21,1,485,1
25-Apr-21,6,464,1
25-Apr-21,7,477,1
25-Apr-21,7,484,1
25-Apr-21,7,530,1
25-Apr-21,9,479,1
25-Apr-21,9,538,1
25-Apr-21,10,481,1
26-Apr-21,1,220,1
26-Apr-21,1,480,1
26-Apr-21,4,478,1
26-Apr-21,4,480,1
26-Apr-21,7,480,1
26-Apr-21,9,488,1
27-Apr-21,1,480,1
27-Apr-21,1,529,1
27-Apr-21,4,215,1
27-Apr-21,4,529,1
27-Apr-21,7,215,1
27-Apr-21,9,214,1
27-Apr-21,9,580,1
28-Apr-21,4,358,1
28-Apr-21,8,528,1
28-Apr-21,9,377,1
28-Apr-21,9,535,1
28-Apr-21,10,215,1
28-Apr-21,10,480,1
28-Apr-21,10,528,1
29-Apr-21,1,541,1
29-Apr-21,4,474,1
29-Apr-21,4,490,1
29-Apr-21,4,528,1
29-Apr-21,10,358,1
30-Apr-21,1,480,1
30-Apr-21,4,215,1
30-Apr-21,4,478,1
30-Apr-21,7,489,1
30-Apr-21,8,581,1
30-Apr-21,9,480,1
01-May-21,1,485,1
01-May-21,4,215,1
01-May-21,4,360,1
01-May-21,10,479,1
02-May-21,4,214,1
02-May-21,4,477,1
02-May-21,4,528,1
02-May-21,9,480,1
03-May-21,9,529,1
04-May-21,4,606,1
04-May-21,6,476,1
04-May-21,7,539,1
04-May-21,8,538,1
04-May-21,8,571,1
05-May-21,1,483,1
05-May-21,4,480,1
05-May-21,4,483,1
05-May-21,8,223,1
05-May-21,8,541,1
05-May-21,9,480,1
05-May-21,9,487,1
06-May-21,4,215,1
06-May-21,4,477,1
06-May-21,6,466,1
06-May-21,6,485,1
06-May-21,7,220,1
06-May-21,7,528,1
06-May-21,8,528,1
06-May-21,9,480,1
07-May-21,4,578,1
07-May-21,7,538,1
07-May-21,10,214,1
08-May-21,4,476,1
08-May-21,4,537,1
08-May-21,9,223,1
08-May-21,9,535,1
09-May-21,1,484,1
09-May-21,4,220,1
09-May-21,6,530,1
09-May-21,7,362,1
09-May-21,9,480,1
09-May-21,9,528,1
09-May-21,9,537,1
10-May-21,1,578,1
10-May-21,4,385,1
10-May-21,4,480,1
10-May-21,6,478,1
10-May-21,6,537,1
10-May-21,7,215,1
11-May-21,1,223,1
11-May-21,1,480,1
11-May-21,6,536,1
11-May-21,10,541,1
12-May-21,4,214,1
12-May-21,4,229,1
12-May-21,4,479,1
12-May-21,4,606,1
12-May-21,10,360,1
12-May-21,10,604,1
13-May-21,7,220,1
14-May-21,4,485,1
14-May-21,4,529,1
14-May-21,6,483,1
14-May-21,6,485,1
14-May-21,6,536,1
14-May-21,7,580,1
14-May-21,9,477,1
15-May-21,1,480,1
15-May-21,1,489,1
15-May-21,6,214,1
15-May-21,6,235,1
15-May-21,6,485,1
15-May-21,9,214,1
16-May-21,1,569,1
16-May-21,6,480,1
16-May-21,6,537,1
16-May-21,8,466,1
16-May-21,9,214,1
16-May-21,9,487,1
16-May-21,9,488,1
17-May-21,1,478,1
17-May-21,6,477,1
17-May-21,7,220,1
17-May-21,7,568,1
17-May-21,10,214,1
18-May-21,9,536,1
19-May-21,1,480,1
19-May-21,4,223,1
19-May-21,9,214,1
19-May-21,9,389,1
20-May-21,1,471,1
20-May-21,4,573,1
20-May-21,4,582,1
20-May-21,6,226,1
20-May-21,7,576,1
21-May-21,1,358,1
21-May-21,1,535,1
21-May-21,4,226,1
21-May-21,4,537,1
21-May-21,6,214,1
21-May-21,9,487,1
22-May-21,4,214,1
22-May-21,4,478,1
22-May-21,4,487,1
22-May-21,9,215,1
23-May-21,1,354,1
23-May-21,1,606,1
23-May-21,4,574,1
23-May-21,4,577,1
23-May-21,7,572,1
24-May-21,1,462,1
24-May-21,6,362,1
24-May-21,6,528,1
24-May-21,7,573,1
24-May-21,8,536,1
24-May-21,9,562,1
24-May-21,9,579,1
25-May-21,1,474,1
25-May-21,7,466,1
25-May-21,8,215,1
25-May-21,9,223,1
25-May-21,9,488,1
25-May-21,10,564,1
26-May-21,1,528,1
26-May-21,6,528,1
26-May-21,7,478,1
26-May-21,8,539,1
26-May-21,9,479,1
26-May-21,10,220,1
26-May-21,10,235,1
26-May-21,10,530,1
27-May-21,1,214,1
27-May-21,1,528,1
27-May-21,4,538,1
27-May-21,8,229,1
28-May-21,4,226,1
28-May-21,4,477,1
28-May-21,7,371,1
28-May-21,7,540,1
28-May-21,9,220,1
28-May-21,9,482,1
28-May-21,10,529,1
29-May-21,1,362,1
29-May-21,8,214,1
29-May-21,9,214,1
29-May-21,9,220,1
29-May-21,9,379,1
29-May-21,9,462,1
29-May-21,9,478,1
29-May-21,10,485,1
30-May-21,1,479,1
30-May-21,1,529,1
30-May-21,1,538,1
30-May-21,4,478,1
30-May-21,4,480,1
30-May-21,4,605,1
30-May-21,9,220,1
30-May-21,9,480,1
30-May-21,9,537,1
30-May-21,9,582,1
30-May-21,10,530,1
31-May-21,1,528,1
31-May-21,6,360,1
31-May-21,6,535,1
31-May-21,6,536,1
31-May-21,7,568,1
31-May-21,9,484,1
31-May-21,9,584,1
31-May-21,10,477,1
01-Jun-21,6,582,1
01-Jun-21,8,358,1
01-Jun-21,8,578,1
02-Jun-21,1,481,1
02-Jun-21,6,477,1
03-Jun-21,1,538,1
03-Jun-21,7,477,1
03-Jun-21,7,538,1
03-Jun-21,9,478,1
03-Jun-21,9,479,1
03-Jun-21,9,488,1
03-Jun-21,10,537,1
04-Jun-21,6,466,1
05-Jun-21,1,220,1
05-Jun-21,1,477,1
05-Jun-21,7,214,1
06-Jun-21,6,476,1
06-Jun-21,6,485,1
06-Jun-21,7,223,1
06-Jun-21,8,530,1
06-Jun-21,9,360,1
06-Jun-21,10,536,1
07-Jun-21,1,462,1
07-Jun-21,1,539,1
07-Jun-21,1,574,1
07-Jun-21,4,352,1
07-Jun-21,4,464,1
07-Jun-21,4,478,1
07-Jun-21,4,485,1
07-Jun-21,6,235,1
07-Jun-21,9,352,1
07-Jun-21,9,464,1
07-Jun-21,9,537,1
07-Jun-21,9,538,1
08-Jun-21,1,356,1
08-Jun-21,1,537,1
08-Jun-21,4,360,1
08-Jun-21,8,563,1
08-Jun-21,8,605,1
08-Jun-21,9,477,1
08-Jun-21,9,485,1
09-Jun-21,1,478,1
09-Jun-21,1,535,1
09-Jun-21,6,528,1
09-Jun-21,7,528,1
09-Jun-21,9,387,1
09-Jun-21,9,471,1
10-Jun-21,1,466,1
10-Jun-21,1,477,1
10-Jun-21,1,581,1
10-Jun-21,4,477,1
11-Jun-21,4,479,1
11-Jun-21,6,223,1
11-Jun-21,7,485,1
11-Jun-21,9,485,1
11-Jun-21,9,529,1
11-Jun-21,9,584,1
12-Jun-21,4,478,1
12-Jun-21,9,214,1
12-Jun-21,9,529,1
12-Jun-21,9,537,1
12-Jun-21,10,477,1
13-Jun-21,4,220,1
13-Jun-21,8,476,1
13-Jun-21,8,581,1
13-Jun-21,9,214,1
13-Jun-21,9,215,1
14-Jun-21,1,537,1
14-Jun-21,4,462,1
14-Jun-21,6,229,1
14-Jun-21,7,528,1
14-Jun-21,9,491,1
14-Jun-21,10,214,1
14-Jun-21,10,477,1
15-Jun-21,1,223,1
15-Jun-21,6,220,1
15-Jun-21,6,529,1
15-Jun-21,7,475,1
15-Jun-21,7,477,1
15-Jun-21,8,485,1
15-Jun-21,9,480,1
15-Jun-21,10,478,1
16-Jun-21,7,490,1
16-Jun-21,7,535,1
16-Jun-21,8,480,1
16-Jun-21,9,479,1
16-Jun-21,10,466,1
17-Jun-21,1,354,1
17-Jun-21,1,481,1
17-Jun-21,9,489,1
17-Jun-21,9,528,1
17-Jun-21,9,535,1
17-Jun-21,10,352,1
17-Jun-21,10,597,1
18-Jun-21,10,535,1
19-Jun-21,1,356,1
19-Jun-21,7,462,1
19-Jun-21,9,487,1
19-Jun-21,10,563,1
20-Jun-21,1,528,1
20-Jun-21,4,479,1
20-Jun-21,8,586,1
20-Jun-21,9,362,1
21-Jun-21,7,220,1
21-Jun-21,7,593,1
21-Jun-21,8,482,1
21-Jun-21,8,536,1
21-Jun-21,9,462,1
21-Jun-21,9,477,1
21-Jun-21,10,220,1
21-Jun-21,10,477,1
22-Jun-21,1,232,1
22-Jun-21,1,485,1
22-Jun-21,4,529,1
22-Jun-21,6,220,1
22-Jun-21,6,476,1
22-Jun-21,6,488,1
22-Jun-21,7,540,1
22-Jun-21,9,477,1
22-Jun-21,9,584,1
23-Jun-21,6,528,1
23-Jun-21,9,539,1
23-Jun-21,9,562,1
23-Jun-21,9,563,1
24-Jun-21,1,479,1
24-Jun-21,1,480,1
24-Jun-21,1,485,1
24-Jun-21,1,487,1
24-Jun-21,9,474,1
24-Jun-21,10,581,1
25-Jun-21,6,223,1
25-Jun-21,7,223,1
25-Jun-21,7,477,1
25-Jun-21,7,529,1
25-Jun-21,9,477,1
25-Jun-21,9,478,1
25-Jun-21,9,484,1
25-Jun-21,9,539,1
26-Jun-21,1,472,1
26-Jun-21,6,477,1
26-Jun-21,7,529,1
26-Jun-21,9,538,1
27-Jun-21,4,478,1
27-Jun-21,4,537,1
27-Jun-21,10,220,1
28-Jun-21,1,214,1
28-Jun-21,1,480,1
28-Jun-21,1,587,1
28-Jun-21,4,387,1
28-Jun-21,4,528,2
28-Jun-21,7,575,1
28-Jun-21,7,591,1
28-Jun-21,8,381,1
28-Jun-21,10,477,1
28-Jun-21,10,487,1
29-Jun-21,4,356,1
29-Jun-21,4,587,1
29-Jun-21,7,477,1
29-Jun-21,7,479,1
29-Jun-21,8,541,1
29-Jun-21,9,477,1
30-Jun-21,6,491,1
30-Jun-21,8,477,1
30-Jun-21,9,477,1
30-Jun-21,10,223,1
30-Jun-21,10,477,1
